{"cameraMode":{"drawMode":0,"name":"Shaded","section":"Shading Mode"},"sceneLighting":true,"audioPlay":false,"sceneViewState":{"showFog":true,"showMaterialUpdate":false,"showSkybox":true,"showFlares":true,"showImageEffects":true,"showParticleSystems":true},"in2DMode":false,"pivot":{"x":19.37895965576172,"y":1.2951987981796265,"z":8.549467086791993},"rotation":{"x":-0.13043712079524995,"y":-0.0008952651405707002,"z":0.0001176877340185456,"w":-0.9914571046829224},"size":4.727799892425537,"orthographic":false}