{"cameraMode":{"drawMode":0,"name":"Shaded","section":"Shading Mode"},"sceneLighting":true,"audioPlay":false,"sceneViewState":{"showFog":true,"showMaterialUpdate":false,"showSkybox":true,"showFlares":true,"showImageEffects":true,"showParticleSystems":true},"in2DMode":false,"pivot":{"x":18.738380432128908,"y":1.436981201171875,"z":8.662819862365723},"rotation":{"x":-0.2190198004245758,"y":0.0005825164262205362,"z":-0.00013086078979540616,"w":-0.9757205843925476},"size":1.9156770706176758,"orthographic":false}