{"cameraMode":{"drawMode":0,"name":"Shaded","section":"Shading Mode"},"sceneLighting":true,"audioPlay":false,"sceneViewState":{"showFog":true,"showMaterialUpdate":false,"showSkybox":true,"showFlares":true,"showImageEffects":true,"showParticleSystems":true},"in2DMode":false,"pivot":{"x":679.7099609375,"y":492.2873229980469,"z":-919.0361328125},"rotation":{"x":-0.09018599987030029,"y":0.0050762370228767399,"z":-0.0004597763763740659,"w":-0.9959126710891724},"size":1.4177429676055909,"orthographic":false}