{"cameraMode":{"drawMode":0,"name":"Shaded","section":"Shading Mode"},"sceneLighting":false,"audioPlay":false,"sceneViewState":{"showFog":true,"showMaterialUpdate":false,"showSkybox":false,"showFlares":true,"showImageEffects":true,"showParticleSystems":true},"in2DMode":false,"pivot":{"x":0.003677070140838623,"y":0.7879247069358826,"z":0.18635761737823487},"rotation":{"x":-0.2190198004245758,"y":0.0005825164262205362,"z":-0.00013086078979540616,"w":-0.9757205843925476},"size":1.4343341588974,"orthographic":false}