{"cameraMode":{"drawMode":0,"name":"Shaded","section":"Shading Mode"},"sceneLighting":true,"audioPlay":false,"sceneViewState":{"showFog":true,"showMaterialUpdate":false,"showSkybox":true,"showFlares":true,"showImageEffects":true,"showParticleSystems":true},"in2DMode":false,"pivot":{"x":616.1014404296875,"y":322.2574462890625,"z":38.92901611328125},"rotation":{"x":-0.08089680969715119,"y":-0.019435126334428788,"z":-0.0015772116603329778,"w":0.9965364336967468},"size":510.7466735839844,"orthographic":false}