{"cameraMode":{"drawMode":0,"name":"Shaded","section":"Shading Mode"},"sceneLighting":false,"audioPlay":false,"sceneViewState":{"showFog":true,"showMaterialUpdate":false,"showSkybox":false,"showFlares":true,"showImageEffects":true,"showParticleSystems":true},"in2DMode":false,"pivot":{"x":0.0009192675352096558,"y":0.19698117673397065,"z":0.046589404344558719},"rotation":{"x":0.37463340163230898,"y":-1.0066528943752928e-7,"z":2.979318765028438e-7,"w":0.9271768927574158},"size":0.35858353972435,"orthographic":false}