{"cameraMode":{"drawMode":0,"name":"Shaded","section":"Shading Mode"},"sceneLighting":false,"audioPlay":false,"sceneViewState":{"showFog":true,"showMaterialUpdate":false,"showSkybox":false,"showFlares":true,"showImageEffects":true,"showParticleSystems":true},"in2DMode":false,"pivot":{"x":-0.5950843691825867,"y":1.9554194211959839,"z":4.8872599601745609},"rotation":{"x":-0.03060823306441307,"y":0.9681875109672546,"z":-0.14929912984371186,"w":-0.1984831839799881},"size":1.60115385055542,"orthographic":false}