{"cameraMode":{"drawMode":0,"name":"Shaded","section":"Shading Mode"},"sceneLighting":true,"audioPlay":false,"sceneViewState":{"showFog":true,"showMaterialUpdate":false,"showSkybox":true,"showFlares":true,"showImageEffects":true,"showParticleSystems":true},"in2DMode":false,"pivot":{"x":19.324588775634767,"y":-7.02410888671875,"z":19.475303649902345},"rotation":{"x":-0.4156983196735382,"y":0.28287962079048159,"z":-0.13780368864536286,"w":-0.8533390760421753},"size":17.240436553955079,"orthographic":false}