{"cameraMode":{"drawMode":0,"name":"Shaded","section":"Shading Mode"},"sceneLighting":true,"audioPlay":false,"sceneViewState":{"showFog":false,"showMaterialUpdate":false,"showSkybox":false,"showFlares":false,"showImageEffects":false,"showParticleSystems":false},"in2DMode":false,"pivot":{"x":18.738380432128908,"y":1.436981201171875,"z":8.662819862365723},"rotation":{"x":-0.0317625068128109,"y":0.05154938995838165,"z":-0.0016474458388984204,"w":-0.998174250125885},"size":0.09757418930530548,"orthographic":true}