{"cameraMode":{"drawMode":0,"name":"Shaded","section":"Shading Mode"},"sceneLighting":true,"audioPlay":false,"sceneViewState":{"showFog":false,"showMaterialUpdate":false,"showSkybox":false,"showFlares":false,"showImageEffects":false,"showParticleSystems":false},"in2DMode":false,"pivot":{"x":22.484390258789064,"y":3.0003528594970705,"z":2.0464296340942385},"rotation":{"x":-0.15556277334690095,"y":0.23377199470996858,"z":-0.0379282645881176,"w":-0.9590272903442383},"size":2.5540575981140138,"orthographic":true}