{"cameraMode":{"drawMode":0,"name":"Shaded","section":"Shading Mode"},"sceneLighting":true,"audioPlay":false,"sceneViewState":{"showFog":true,"showMaterialUpdate":false,"showSkybox":true,"showFlares":true,"showImageEffects":true,"showParticleSystems":true},"in2DMode":false,"pivot":{"x":-1.4385967254638672,"y":-5.584647178649902,"z":41.64796447753906},"rotation":{"x":-0.11527232080698013,"y":0.0690758153796196,"z":-0.008036413230001927,"w":-0.9909034371376038},"size":21.227758407592775,"orthographic":false}